<?xml version="1.0" encoding="UTF-8"?>
<addon
  id="skin.rkodiconfluence"
  version="1.0.1"
  name="rKodiConfluence (Jarvis)"
  provider-name="Jezz_X, Team Kodi, elmerohueso, dregov">
  <requires>
    <import addon="xbmc.gui" version="5.10.0"/>
	<import addon="script.favourites" version="6.0.3"/>
  </requires>
  <extension
    point="xbmc.gui.skin"
	defaultthemename="textures.xbt"
    debugging="false"
    effectslowdown="0.75">
    <res width="1280" height="720" aspect="16:9" default="true" folder="720p" />
  </extension>
  <extension point="xbmc.addon.metadata">
    <summary lang="af_ZA">rKodiConfluence oortreksel deur Jezz_X, Team Kodi, elmerohueso, dregov. (rKodi se standaard tema)</summary>
    <summary lang="ar_SA">جلد "كونفليونس" من صنع Jezz_x. (الجلد المبدأى لبرنامج إكس بى إم سى)</summary>
    <summary lang="be_BY">rKodiConfluence skin by Jezz_X, Team Kodi, elmerohueso, dregov. (rKodi's default skin)</summary>
    <summary lang="bg_BG">rKodiConfluence облик от Jezz_X, Team Kodi, elmerohueso, dregov. (стандартния облик за rKodi)</summary>
    <summary lang="ca_ES">Pell rKodiConfluence, per Jezz_X, Team Kodi, elmerohueso, dregov. (Pell per defecte del rKodi)</summary>
    <summary lang="cs_CZ">Vzhled rKodiConfluence od Jezz_X, Team Kodi, elmerohueso, dregov. (výchozí vzhled rKodi)</summary>
    <summary lang="cy_GB">Croen rKodiConfluence gan Jezz_X, Team Kodi, elmerohueso, dregov. (Croen rhagosodedig rKodi)</summary>
    <summary lang="da_DK">rKodiConfluence-tema af Jezz_X, Team Kodi, elmerohueso, dregov. (rKodis standardtema)</summary>
    <summary lang="de_DE">rKodiConfluence Skin von Jezz_X, Team Kodi, elmerohueso, dregov. (Standard-Skin von rKodi)</summary>
    <summary lang="el_GR">Το κέλυφος rKodiConfluence από τον Jezz_X, Team Kodi, elmerohueso, dregov (προεπιλεγμένο κέλυφος του rKodi).</summary>
    <summary lang="en_AU">rKodiConfluence skin by Jezz_X, Team Kodi, elmerohueso, dregov. (rKodi's default skin)</summary>
    <summary lang="en_GB">rKodiConfluence skin by Jezz_X, Team Kodi, elmerohueso, dregov. (rKodi's default skin)</summary>
    <summary lang="en_NZ">rKodiConfluence skin by Jezz_X, Team Kodi, elmerohueso, dregov. (rKodi's default skin)</summary>
    <summary lang="en_US">rKodiConfluence skin by Jezz_X, Team Kodi, elmerohueso, dregov. (rKodi's default skin)</summary>
    <summary lang="es_AR">rKodiConfluence skin por Jezz_X, Team Kodi, elmerohueso, dregov. (skin por defecto de rKodi)</summary>
    <summary lang="es_ES">rKodiConfluence skin por Jezz_X, Team Kodi, elmerohueso, dregov. (skin por defecto)</summary>
    <summary lang="es_MX">Skin confluende por Jezz_X, Team Kodi, elmerohueso, dregov. (skin por defecto de rKodi)</summary>
    <summary lang="et_EE">rKodiConfluence rüü autorilt Jezz_X, Team Kodi, elmerohueso, dregov. (rKodi vaikerüü)</summary>
    <summary lang="fa_IR">پوسته rKodiConfluence تهیه شده بوسیله Jezz_X, Team Kodi, elmerohueso, dregov. (پوسته پیش فرض rKodi) </summary>
    <summary lang="fi_FI">rKodiConfluence-ulkoasu Jezz_X, Team Kodi, elmerohueso, dregov:ltä. (rKodi:n oletus ulkoasu)</summary>
    <summary lang="fo_FO">rKodiConfluence útsjónd av Jezz_X, Team Kodi, elmerohueso, dregov. (rKodi's vanliga útsjónd)</summary>
    <summary lang="fr_CA">Habillage rKodiConfluence par Jezz_X, Team Kodi, elmerohueso, dregov. (habillage par défaut de rKodi)</summary>
    <summary lang="fr_FR">rKodiConfluence par Jezz_X, Team Kodi, elmerohueso, dregov. (Habillage prédéfini de rKodi)</summary>
    <summary lang="gl_ES">Pel rKodiConfluence por Jezz_Z. (Pel predefinida do rKodi)</summary>
    <summary lang="he_IL">המעטפת rKodiConfluence של Jezz_X, Team Kodi, elmerohueso, dregov. (ברירת המחדל של rKodi)</summary>
    <summary lang="hr_HR">rKodiConfluence presvlaka autora Jezz_X, Team Kodi, elmerohueso, dregov. (uobičajena rKodi presvlaka)</summary>
    <summary lang="hu_HU">rKodiConfluence felszín. Készítő: Jezz_X, Team Kodi, elmerohueso, dregov (rKodi alapértelmezett felszín)</summary>
    <summary lang="hy_AM">''rKodiConfluence'' - տեսք՝ Jezz_X, Team Kodi, elmerohueso, dregov. կողմից (rKodi - հիմնական տեսք)</summary>
    <summary lang="id_ID">Skin rKodiConfluence oleh Jezz_X, Team Kodi, elmerohueso, dregov. (Skin bawaan rKodi)</summary>
    <summary lang="is_IS">rKodiConfluence eftir Jezz_X, Team Kodi, elmerohueso, dregov. (Sjálfgefið útlit rKodi)</summary>
    <summary lang="it_IT">Skin rKodiConfluence da Jezz_X, Team Kodi, elmerohueso, dregov. (Skin predefinita di rKodi)</summary>
    <summary lang="ja_JP">rKodiConfluence スキン by Jezz_X, Team Kodi, elmerohueso, dregov. (rKodi デフォルトスキン)</summary>
    <summary lang="ko_KR">rKodiConfluence 스킨 Jezz_X, Team Kodi, elmerohueso, dregov 만듦 (rKodi 기본 스킨)</summary>
    <summary lang="lt_LT">rKodiConfluence teminė išvaizda, kurią sukūrė Jezz_X, Team Kodi, elmerohueso, dregov. (rKodi numatytoji teminė išvaizda)</summary>
    <summary lang="lv_LV">rKodiConfluence apvalks no Jeez_X. (rKodi noklusētais apvalks)</summary>
    <summary lang="mk_MK">rKodiConfluence skin by Jezz_X, Team Kodi, elmerohueso, dregov. (rKodi's default skin)</summary>
    <summary lang="ms_MY">Penyatuan, kulit daripada Jezz_X, Team Kodi, elmerohueso, dregov. (Kulit lalai rKodi)</summary>
    <summary lang="mt_MT">Dehra rKodiConfluence magħmula minn Jezz_X, Team Kodi, elmerohueso, dregov. (Id-dehra normali ta' rKodi)</summary>
    <summary lang="nb_NO">rKodiConfluence-skall av Jezz_X, Team Kodi, elmerohueso, dregov. (rKodis standardskall)</summary>
    <summary lang="nl_NL">rKodiConfluence skin door Jezz_X, Team Kodi, elmerohueso, dregov. (rKodi's standaard skin)</summary>
    <summary lang="pl_PL">rKodiConfluence autorstwa Jezz_X, Team Kodi, elmerohueso, dregov (domyślna skóra rKodi)</summary>
    <summary lang="pt_BR">Skin rKodiConfluence por Jezz_X, Team Kodi, elmerohueso, dregov. (Skin padrão do rKodi)</summary>
    <summary lang="pt_PT">Tema rKodiConfluence por Jezz_X, Team Kodi, elmerohueso, dregov (tema padrão do rKodi)</summary>
    <summary lang="ro_RO">Costum rKodiConfluence de Jezz_X, Team Kodi, elmerohueso, dregov. (costum implicit pentru rKodi)</summary>
    <summary lang="ru_RU">Обложка rKodiConfluence (стандартная обложка rKodi). Автор: Jezz_X, Team Kodi, elmerohueso, dregov.</summary>
    <summary lang="sk_SK">rKodiConfluence skin od Jezz_X, Team Kodi, elmerohueso, dregov. (predvolený skin rKodi)</summary>
    <summary lang="sl_SI">Preobleka rKodiConfluence avtorja Jezz_X, Team Kodi, elmerohueso, dregov. (Privzeta preobleka za rKodi)</summary>
    <summary lang="sq_AL">Maska rKodiConfluence nga Jazz_X (maska kryesore së rKodi)</summary>
    <summary lang="sr_RS">rKodiConfluence маска аутора Jezz_X, Team Kodi, elmerohueso, dregov. (подразумевана rKodi маска)</summary>
    <summary lang="sr_RS@latin">rKodiConfluence maska autora Jezz_X, Team Kodi, elmerohueso, dregov. (podrazumevana rKodi maska)</summary>
    <summary lang="sv_SE">rKodiConfluence, ett skal av Jezz_X, Team Kodi, elmerohueso, dregov. (rKodi:s standardskal)</summary>
    <summary lang="szl">Skōra rKodiConfluence zrychtowanŏ ôd Jeez_X. (wychodnŏ skōra we rKodi)</summary>
    <summary lang="tg_TJ">Пӯсти ҳамҷараёнӣ аз ҷониби Jezz_X, Team Kodi, elmerohueso, dregov. (Пӯсти пешфарзи rKodi)</summary>
    <summary lang="th_TH">ชุดตกแต่ง rKodiConfluence โดย  Jezz_X, Team Kodi, elmerohueso, dregov (สกินเริ่มต้นของ rKodi)</summary>
    <summary lang="tr_TR">rKodiConfluence dış görünümü. Jezz_X, Team Kodi, elmerohueso, dregov (rKodi'nin varsayılan dış görünümü)</summary>
    <summary lang="uk_UA">Обкладинка rKodiConfluence (стандартна обкладинка rKodi). Автор: Jezz_X, Team Kodi, elmerohueso, dregov.</summary>
    <summary lang="vi_VN">Giao diện rKodiConfluence bởi Jezz_X, Team Kodi, elmerohueso, dregov. (Giao diện mặc định của rKodi)</summary>
    <summary lang="zh_CN">Jezz_X, Team Kodi, elmerohueso, dregov 开发的 rKodiConfluence 皮肤（rKodi 的默认皮肤）。</summary>
    <summary lang="zh_TW">Jezz_X, Team Kodi, elmerohueso, dregov 製作的佈景主題（rKodi的預設佈景主題）</summary>
    <description lang="af_ZA">rKodiConfluence is die standaard oortreksel vir rKodi 9.11 en op. Dit is 'n kombinasie van konsepte van 'n klomp gewilde oortreksels, en 'n poging om hulle goeie idees te omvat en te integreer in 'n oortreksel wat maklik behoort te wees vir eerste keer rKodi gebruikers om te verstaan en te gebruik.</description>
    <description lang="ar_SA">"كونفليونس" هو الجلد المبدأى لبرنامج إكس بى إم سى اﻹصدار 9.11 وما فوق. هو خلط بين اشهر اﻷجلده الاخرى معاً ومحاوله لتبنى ودمج افكارهم للخروج بِنِتَاج يُفترض به ان يكون سهل اﻹستيعاب بمجرد النظر لمستخدمى إكس بى إم سى المبتدئين.</description>
    <description lang="be_BY">rKodiConfluence is the default skin for rKodi 9.11 and above. It is a combination of concepts from many popular skins, and attempts to embrace and integrate their good ideas into a skin that should be easy for first time rKodi users to understand and use.</description>
    <description lang="bg_BG">rKodiConfluence е стандартният облик на rKodi 9.11 и по-новите версии. Представлява смесица от концепциите на много от популярните облици. Целта е да се интегрират тези добри идеи в подходящ и удобен вид за хора, които се сблъскват за първи път с rKodi.</description>
    <description lang="ca_ES">rKodiConfluence és la pell per defecte del rKodi 14.0 i superiors. És una combinació de conceptes de moltes pells populars que intenta adoptar i integrar les seves bones idees en una aparença que sigui senzilla d'entendre i utilitzar per els nous usuaris de rKodi.</description>
    <description lang="cs_CZ">rKodiConfluence je výchozí vzhled pro rKodi 9.11 a novější. Jedná se o kombinaci konceptů z mnoha jiných populárních vzhledů, která se pokouší uchopit a integrovat jejich dobré nápady do vzhledu, který by měl být pro nového uživatele rKodi jednoduchý na pochopení a používání.</description>
    <description lang="cy_GB">rKodiConfluence yw croen rhagosodedig rKodi 9.11 ac uwch. Mae'n gyfuniad o gysyniadau o nifer o grwyn poblogaidd ac mae'n ymdrechu i gyfuno eu syniadau da hwy i groen ddylai fod yn hawdd i ddefnyddiwr cyntaf rKodi ei deall a'i ddefnyddio.</description>
    <description lang="da_DK">rKodiConfluence er standardskin'et til rKodi 9.11 og senere versioner. Det er en kombination af koncepter fra mange populære skins, og det forsøger at omfavne og integrere de gode ideer i et skin, der er let for førstegangsbrugere af rKodi at forstå og bruge.</description>
    <description lang="de_DE">rKodiConfluence ist der Standardskin ab rKodi 14.0. Er ist eine Kombination mehrerer unterschiedlicher Skin-Konzepte und versucht dabei, die besten Ideen zu kombinieren, um einen einfachen Einstieg für neue rKodi-Nutzer zu ermöglichen.</description>
    <description lang="el_GR">Το rKodiConfluence είναι η προεπιλεγμένη αμφίεση για τις εκδόσεις rKodi 14.0 και άνω. Είναι ένας συνδυασμός από πολλές δημοφιλής αμφιέσεις, και επιχειρεί να παρέχει τις καλύτερες ιδέες τους σε μία αμφίεση, το οποίο είναι εύκολο για τους αρχάριους χρήστες του rKodi να κατανοήσουν και να χρησιμοποιήσουν.</description>
    <description lang="en_AU">rKodiConfluence is the default skin for rKodi 9.11 and above. It is a combination of concepts from many popular skins, and attempts to embrace and integrate their good ideas into a skin that should be easy for first time rKodi users to understand and use.</description>
    <description lang="en_GB">rKodiConfluence is the default skin for rKodi 14.0 and above. It is a combination of concepts from many popular skins, and attempts to embrace and integrate their good ideas into a skin that should be easy for first time rKodi users to understand and use.</description>
    <description lang="en_NZ">rKodiConfluence is the default skin for rKodi 9.11 and above. It is a combination of concepts from many popular skins, and attempts to embrace and integrate their good ideas into a skin that should be easy for first time rKodi users to understand and use.</description>
    <description lang="en_US">rKodiConfluence is the default skin for rKodi 9.11 and above. It is a combination of concepts from many popular skins, and attempts to embrace and integrate their good ideas into a skin that should be easy for first time rKodi users to understand and use.</description>
    <description lang="es_AR">rKodiConfluence es el skin por defecto de rKodi 14.0 y posteriores. Es una combinación de conceptos de muchos skins populares, e intenta abarcar e integrar lo mejor de ellos en un skin que sea sencillo de entender y utilizar para los nuevos usuarios de rKodi.</description>
    <description lang="es_ES">rKodiConfluence es la skin por defecto de rKodi 9.11 y posteriores. Es una combinación de conceptos de muchas skins populares, e intenta abarcar e integrar lo mejor de ellas en una skin que sea sencilla de entender y utilizar para los nuevos usuarios de rKodi.</description>
    <description lang="es_MX">rKodiConfluence es el skin por defecto para rKodi 9.11 en adelante. Es una combinación de conceptos de varias skins populares, e intenta adoptar e integrar sus buenas ideas en un skin que debería ser fá de entender y usar para quienes usen rKodi por primera vez.</description>
    <description lang="et_EE">rKodiConfluence on rKodi vaikerüü alates versioonist 9.11. rKodiConfluence on paljude populaarsete rüüde kombinatsioon, üritades omavahel siduda nende parimaid lahendusi, et saavutada esmakasutajale selget ja kergelt kasutatavat tulemust.</description>
    <description lang="fa_IR">rKodiConfluence پوسته پیش فرض rKodi در ویرایش 14 و بالاتر است. این پوسته ترکیبی از چند پوسته محبوب دیگر است و تلاش دارد بهترین ایده ها را با هم ترکیب کند، تا شروعی ساده و آسان را برای کاربران جدید rKodi امکان پذیر سازد.</description>
    <description lang="fi_FI">rKodiConfluence on oletusulkoasu rKodi:n versiosta 9.11 lähtien. Se on yhdistelmä useiden suosittujen ulkoasujen konsepteista, ja yritys omaksua ja integroida heidän hyvät ideat ulkoasuun, jonka pitäisi olla helppokäyttöinen ja -tajuinen kaikille rKodi:n käyttäjille.</description>
    <description lang="fo_FO">rKodiConfluence er vanliga útsjóndin, sum er brúkt í rKodi síðan útg. 9.11. Hetta er ein samansjóðan av fleiri hugtøkum. Ætlanin er at útsjóndin skal lætta um móttøku og nýtslu av rKodi fyri nýggjar brúkarar.</description>
    <description lang="fr_CA">rKodiConfluence est l'habillage par défaut pour rKodi 9.11 et ultérieur. C'est une combinaison des concepts issus de plusieurs habillages populaires et une tentative d'inclure et d'intégrer leurs bonnes idées en un habillage qui devrait être facile à comprendre et à utiliser pour les utilisateurs débutants de rKodi.</description>
    <description lang="fr_FR">rKodiConfluence est l'habillage prédéfini depuis rKodi 14.0. Reprenant les concepts issus de plusieurs habillages populaires, il est une tentative d'inclusion et d'intégration des meilleures idées afin de créer un habillage d'interface qui soit facile à comprendre et à utiliser pour les personnes découvrant rKodi.</description>
    <description lang="gl_ES">rKodiConfluence é a pel predeterminada para rKodi 9.11 e posteriores. É unha combinación de conceptos de algunhas peles populares, e tenta abranguer e integrar  as súas mellores ideas nunha pel que sexa fácil de entender e utilizar para as usuarias que utilizan por primeira vez rKodi.</description>
    <description lang="he_IL">המעטפת rKodiConfluence היא מעטפת ברירת המחדל של rKodi. המעטפת הינה תוצר של אימוץ מאפיינים ממעטפות פופולריות רבות תוך רצון לשלב מאפיינים אלה למעטפת פשוטה לשימוש ולהכרה ראשונית ע"י משתמשי rKodi חדשים.</description>
    <description lang="hr_HR">rKodiConfluence je uobičajena presvlaka za rKodi 14.0 naviše. To je mješavina koncepta iz mnogih drugih popularnih presvlaka, pokušaj da se objedine njihove dobre osobine u presvlaku i da budu lagane za upotrebu i razumljive novim rKodi korisnicima.</description>
    <description lang="hu_HU">A rKodiConfluence az alapértelmezett felszín a rKodihoz a 9.11-es verziótól kezdődően. Merít sok sok népszerű felszín elképzeléséből, megpróbálva vegyíteni a jó ötleteket úgy, hogy az könnyen kezelhető legyen a rKodival először találkozóknak is.</description>
    <description lang="id_ID">rKodiConfluence merupakan skin bawaan untuk rKodi 9.11 dan selanjutnya. Merupakan kombinasi konsep dari beberapa skin populer, dan berusaha untuk merangkul dan menyatukan ide bagus mereka ke sebuah skin yang mudah dipakai dan dipahami oleh pengguna rKodi pertama kali.</description>
    <description lang="is_IS">rKodiConfluence er sjálfgefið útlit rKodi 14.0 og nýrra. Það er samsetning hugmynda frá mörgum vinsælum útlitum og er tilraun til að fanga og innlima þær góðu hugmyndir í útlit sem sé einfalt fyrir fyrir nýja rKodi notendur að skilja og nota</description>
    <description lang="it_IT">rKodiConfluence è la skin predefinita di rKodi dalla versione 14.0 in poi. È una combinazione di elementi provenienti da altre skin popolari e cerca di integrare e coinvolgere tutte le loro grandi idee in una skin facile da usare e comprendere per l'utente inesperto di rKodi.</description>
    <description lang="ja_JP">rKodiConfluence は rKodi 9.11 およびそれ以上のバージョンで標準のスキンです。さまざまな人気のスキンのコンセプトを組み合わせ、ユーザが初めて rKodi に触れる際に便利に使えるようにしてあります。</description>
    <description lang="ko_KR">rKodiConfluence 는 rKodi 14.0 이상을 위한 기본 스킨입니다. 많은 인기 스킨의 컨셉과 좋은 아이디어를 모아서 하나의 스킨으로 만들었으며 초보자도 사용하기 쉽습니다.</description>
    <description lang="lt_LT">rKodiConfluence yra numatytoji teminė išvaizda pradedant rKodi 9.11 versija. Tai daugelio populiarių teminų išvaizdų derinys. Bandymas priimti ir integruoti vartotojų idėjas į teminę išvaizdą katra turėtų būti lengvai suprantama  pirmą kartą naudojantiems rKodi</description>
    <description lang="lv_LV">rKodiConfluence ir rKodi 9.11 un jaunāku versiju noklusētais apvalks. Tajā apvienota daudzu populāru apvalku koncepcija un centieni pieņemt un integrēt labākās idejas, lai jaunajiem rKodi ietotājiem to būtu viegli izprast un lietot.</description>
    <description lang="mk_MK">rKodiConfluence е основниот изглед на rKodi 14.0 и нагоре. Тој е комбинација на концепти од повеќе популарни изгледи, и настојува да ги обедини и истакне нивните добри идеи во еден изглед разбирлив за почетници.</description>
    <description lang="ms_MY">Penyatuan ialah kulit lalai untuk rKodi 9.11 dan ke atas. Ia merupakan gabungan konsep dari pelbagai kulit terkenal, dan berusaha untuk merangkumkan dan menyepadukan idea baik kulit-kulit tersebut menjadi satu kulit yang mudah difahami dan digunakan oleh pengguna baru rKodi .</description>
    <description lang="mt_MT">rKodiConfluence hija d-dehra normali ta' rKodi 14.0 il-fuq.  Hija taħlita ta' kunċetti minn ħafna dehriet popolari, u tipporva tgħaqqad u tintegra l-aqwa ideat tagħhom f'dehra li għandha tkun faċli biex jifmuha u jużawha dawk l-utenti li qed jużaw rKodi għall-ewwel darba.</description>
    <description lang="nb_NO">rKodiConfluence er standardskallet for rKodi 9.11 og oppover. Det er en kombinasjon av konseptene fra mange populære skall, og prøver å omfavne og integrere de gode idéene i et skall som bør være lett å forstå og benytte seg av for nye rKodi-brukere.</description>
    <description lang="nl_NL">rKodiConfluence is de standaard skin voor rKodi 15.0 en hoger. Het combineert de concepten van andere populaire skins, waarbij het tracht hun goede ideeën te integreren in een skin die gemakkelijk in gebruik is.</description>
    <description lang="pl_PL">rKodiConfluence jest domyślną skóra dla rKodi w wersji 14.0 lub nowszych. Jest kombinacją pomysłów z wielu popularnych skór i próbą zawarcia tego, co w nich najlepsze w skórze, która będzie łatwa do opanowania dla początkującego użytkownika.</description>
    <description lang="pt_BR">rKodiConfluence é a skin padrão do rKodi 9.11 e acima. É uma combinação de conceitos das mais populares skins, visando abraçar e integrar as boas ideias em uma skin  que seja fácil de entender e usar, destinada  aos usuários iniciantes do rKodi. </description>
    <description lang="pt_PT">O tema "rKodiConfluence" é o tema padrão do rKodi 14.0 e superior. É uma combinação de conceitos a partir de muitos temas populares e tenta integrar as boas ideias dos mesmos, num tema que deverá ser fácil de entender e utilizar pelos novos utilizadores do rKodi.</description>
    <description lang="ro_RO">rKodiConfluence este costumul implicit pentru rKodi 9.11 și versiunile ulterioare. Este o combinație de concepte împrumutate de la mai multe costume populare, care încearcă să îmbrățișeze și să integreze ideile lor bune într-un costum care să fie ușor de înțeles și folosit de către utilizatorii rKodi începători.</description>
    <description lang="ru_RU">rKodiConfluence — это стандартная обложка rKodi, начиная с версии 9.11. Она представляет собой сочетание концепций, взятых из многих популярных обложек, в попытке интегрировать их удачные идеи в обложке, которая была бы простой для использования и понимания новыми пользователями rKodi.</description>
    <description lang="sk_SK">rKodiConfluence je predvolený pre rKodi 9.11 a vyššie. Je kombináciou konceptov z mnoho populárnych skinov a pokusom integrovať ich dobré nápady do skinu, ktorý by bol ľahko zrozumiteľný a použiteľný pre nových používateľov rKodi.</description>
    <description lang="sl_SI">rKodiConfluence je privzeta preobleka za rKodi 14.0 in novejše. Je kombinacija konceptov mnogih priljubljenih preoblek in poskuša zaobjeti in integrirati njihove dobre ideje v preobleko, ki bi bila preprosta za uporabo in razumevanje tudi novim uporabnikom.</description>
    <description lang="sq_AL">rKodiConfluence është maska kryesore për rKodi 9.11 dhe verzionet më të lartë. Është nje kombinim nga shumë maska e popullarizuar dhe përpjeket për të përqafuar dhe integruar idetë më të mira në një maskë që të jetë sa më lehtë në përdorim dhe kuptim për përdoruasit duke e përdorur rKodi për herë të parë.</description>
    <description lang="sr_RS">rKodiConfluence је подразумевана маска за rKodi 14.0 и навише. То је мешавина концепата из многих других популарних маски, и покушај да се обједине њихове добре идеје у маску која би трабала да буде лака за разумевање и употребу новим корисницима rKodi-а.</description>
    <description lang="sr_RS@latin">rKodiConfluence je podrazumevana maska za rKodi 14.0 i naviše. To je mešavina koncepata iz mnogih drugih popularnih maski, i pokušaj da se objedine njihove dobre ideje u masku koja bi trabala da bude laka za razumevanje i upotrebu novim korisnicima rKodi-a.</description>
    <description lang="sv_SE">rKodiConfluence är standardskal för rKodi 14.0 och senare. Det kombinerar koncept från många populära skal och försöker återanvända och integrera goda idéer för att skapa ett skal som är enkelt att förstå och använda för nya Kode-användare.</description>
    <description lang="szl">rKodiConfluence to je wychodnŏ skōra dlŏ rKodi 14.0 i nowszych. To je miszōng kōnceptōw ze mocki popularnych skōr i prōbuje te nŏjlepsze wkludzić do skōry, kerŏ winnŏ być prostŏ we użyciu i spokopiyniu dlŏ nowych używŏczōw rKodi.</description>
    <description lang="tg_TJ">Пӯсти ҳамҷараёнӣ ҳамчун пӯсти пешфарз барои rKodi 9.11 ё версияи навтар истифода мешавад. Ин пӯст аз унсурҳои пӯстҳои машҳури дигар сохта шудааст ва ва ҳамаи фикрҳои беҳтарин дар як пӯст ҷамъ мекунад, то ки корбарони навомад тавонанд rKodi-ро ба осонӣ фаҳманд ва истифода баранд.</description>
    <description lang="th_TH">rKodiConfluenceเป็นสกินเริ่มต้นสำหรับ rKodi 9.11 หรือสูงกว่า มันเป็นส่วนผสมของแนวคิดจากสกินที่ได้รับความนิยมและพยายามที่จะยอมรับและบูรณาการส่วนที่ดีของมันเข้าไปในสกิน ซึ่งน่าจะง่ายสำหรับผู้ใช้ rKodiใหม่ ที่จะเข้าใจและใช้งานได้ดี</description>
    <description lang="tr_TR">rKodiConfluence rKodi 14.0 ve yukarısı için varsayılan dış görünümdür. Birçok popüler dış görünümün kavramlarını bir araya getirip ilk kez rKodi kullananlar için anlaşılması ve kullanımı kolaydır.</description>
    <description lang="uk_UA">rKodiConfluence — це стандартна обкладинка rKodi, починаючи з версії 9.11. Концепції багатьох популярних обкладинок поєднано у спробі використати та інтегрувати їхні вдалі ідеї в обкладинці, що стала б зрозумілою та простою в застосуванні для нових користувачів rKodi.</description>
    <description lang="vi_VN">rKodiConfluence là giao diện mặc định cho rKodi 9.11 and các phiên bản trở về trước. Đây là sự kết hợp các khái niệm đến từ các giao diện khác nhau nhằm hướng người dùng đến sự đơn giản và dễ sử dụng.</description>
    <description lang="zh_CN">rKodiConfluence 是 rKodi 14.0 的默认皮肤。它集合了许多流行皮肤的创意，力求把这些优点融合到一个皮肤中，使得首次使用 rKodi 的用户能更容易上手。</description>
    <description lang="zh_TW">rKodiConfluence 是從 rKodi 9.11 開始預設的佈景主題。它結合了許多受歡迎的佈景主題的概念，且試圖包含並整合它們的優點，使第一次使用 rKodi 的使用者可以簡單地上手。</description>
    <disclaimer lang="af_ZA">rKodiConfluence is die standaard oortreksel vir rKodi, verwydering mag probleme veroorsaak</disclaimer>
    <disclaimer lang="ar_SA">"كونفليونس" هو الجلد المبدأى لبرنامج إكس بى إم سى وإزالته قد تسبب مشاكل</disclaimer>
    <disclaimer lang="be_BY">rKodiConfluence is the default skin for rKodi, removing it may cause issues</disclaimer>
    <disclaimer lang="bg_BG">rKodiConfluence е стандартният облик на rKodi. Премахването му може да предизвика проблеми</disclaimer>
    <disclaimer lang="ca_ES">rKodiConfluence és la pell per defecte del rKodi, pot ser que causi problemes eliminar-lo.</disclaimer>
    <disclaimer lang="cs_CZ">rKodiConfluence je výchozím vzhledem rKodi, jeho odstranění může způsobit problémy</disclaimer>
    <disclaimer lang="cy_GB">rKodiConfluence yw croen rhagosodedig rKodi, gall ei dynnu achosi anhawsterau</disclaimer>
    <disclaimer lang="da_DK">rKodiConfluence er standardskin'et til rKodi. Fjernes det, kan der opstå problemer</disclaimer>
    <disclaimer lang="de_DE">rKodiConfluence ist der Standard-Skin für rKodi. Die Deinstallation kann zu unerwünschten Nebeneffekten führen.</disclaimer>
    <disclaimer lang="el_GR">Το rKodiConfluence είναι η προεπιλεγμένη αμφίεση για το rKodi, η αφαίρεσή του μπορεί να δημιουργήσει προβλήματα</disclaimer>
    <disclaimer lang="en_AU">rKodiConfluence is the default skin for rKodi, removing it may cause issues</disclaimer>
    <disclaimer lang="en_GB">rKodiConfluence is the default skin for rKodi, removing it may cause issues</disclaimer>
    <disclaimer lang="en_NZ">rKodiConfluence is the default skin for rKodi, removing it may cause issues</disclaimer>
    <disclaimer lang="en_US">rKodiConfluence is the default skin for rKodi, removing it may cause issues</disclaimer>
    <disclaimer lang="es_AR">rKodiConfluence es el skin por defecto de rKodi. Borrarlo puede causar problemas</disclaimer>
    <disclaimer lang="es_ES">rKodiConfluence es la skin por defecto de rKodi. Borrarla puede causar problemas</disclaimer>
    <disclaimer lang="es_MX">rKodiConfluence es el skin por defecto para rKodi, removerlo podría causar problemas</disclaimer>
    <disclaimer lang="et_EE">rKodiConfluence on rKodi vaikerüü. Selle eemaldamine võib põhjustada ootamatusi.</disclaimer>
    <disclaimer lang="fa_IR">rKodiConfluence پوسته پیش فرض برای نرم افزار kodi می باشد و حذف آن موجب مشکلاتی خواهد شد.</disclaimer>
    <disclaimer lang="fi_FI">rKodiConfluence on rKodi:n oletusulkoasu, sen poistaminen saattaa aiheuttaa ongelmia</disclaimer>
    <disclaimer lang="fo_FO">rKodiConfluence er vanliga útsjónding brúkt av rKodi. Strikan kann viðføra brek.</disclaimer>
    <disclaimer lang="fr_CA">rKodiConfluence est l'habillage par défaut de rKodi, le supprimer peut créer des problèmes</disclaimer>
    <disclaimer lang="fr_FR">rKodiConfluence est l'habillage prédéfini de rKodi, le supprimer peut créer des problèmes</disclaimer>
    <disclaimer lang="gl_ES">rKodiConfluence é a pel predefinida para rKodi e eliminala pode causar problemas.</disclaimer>
    <disclaimer lang="he_IL">המעטפת rKodiConfluence היא מעטפת ברירת המחדל של rKodi, הסרתה עלולה לגרום לתקלות</disclaimer>
    <disclaimer lang="hr_HR">rKodiConfluence je uobičajena presvlaka za rKodi, njegovim uklanjanjem može uzrokovati poteškoće.</disclaimer>
    <disclaimer lang="hu_HU">A rKodiConfluence az alapértelmezett rKodi felszín. Eltávolítása problémákat okozhat.</disclaimer>
    <disclaimer lang="id_ID">rKodiConfluence merupakan skin bawaan untuk rKodi, menghapusnya mungkin menyebabkan permasalahan</disclaimer>
    <disclaimer lang="is_IS">rKodiConfluence er sjálfgefið útlit rKodi, það getur orsakað vandamál að fjarlægja það.</disclaimer>
    <disclaimer lang="it_IT">rKodiConfluence è la skin predefinita di rKodi, rimuoverla potrebbe comportare dei problemi</disclaimer>
    <disclaimer lang="ja_JP">rKodiConfluence は rKodi のデフォルトスキンですので、これを削除するとうまく動かなくなる可能性があります</disclaimer>
    <disclaimer lang="ko_KR">rKodiConfluence는 rKodi의 기본스킨으로 제거시 문제가 생길 수 있습니다.</disclaimer>
    <disclaimer lang="lt_LT">rKodiConfluence yra numatytoji rKodi teminė išvaizda, jos pašalinimas gali sukelti problemų</disclaimer>
    <disclaimer lang="lv_LV">rKodiConfluence ir rKodi noklusētais apvalks, dzēšot to, var rasties problēmas</disclaimer>
    <disclaimer lang="mk_MK">rKodiConfluence е основната маска, бришењето може да предизвика проблеми</disclaimer>
    <disclaimer lang="ms_MY">Penyatuan ialah kulit lalai rKodi, mengubahnya boleh menimbulkan isu.</disclaimer>
    <disclaimer lang="mt_MT">rKodiConfluence hija d-dehra normali ta' rKodi, jekk tneħħiha jaf ikollok il-problemi.</disclaimer>
    <disclaimer lang="nb_NO">rKodiConfluence er standardskallet for rKodi, å fjerne det kan skape problemer</disclaimer>
    <disclaimer lang="nl_NL">rKodiConfluence is de standaard rKodi skin, het verwijderen van rKodiConfluence kan leiden tot problemen.</disclaimer>
    <disclaimer lang="pl_PL">rKodiConfluence jest domyślną skórą rKodi. Jej usunięcie może powodować problemy.</disclaimer>
    <disclaimer lang="pt_BR">rKodiConfluence é a skin padrão do rKodi, removê-la pode lhe causar problemas.</disclaimer>
    <disclaimer lang="pt_PT">O tema "rKodiConfluence" é o tema padrão do rKodi e removê-lo pode causar problemas.</disclaimer>
    <disclaimer lang="ro_RO">rKodiConfluence este costumul implicit pentru rKodi, dacă îl eliminați pot apărea probleme!</disclaimer>
    <disclaimer lang="ru_RU">rKodiConfluence — это стандартная обложка rKodi, и ее удаление может привести к возникновению проблем</disclaimer>
    <disclaimer lang="sk_SK">rKodiConfluence je predvolený skin pre rKodi, jeho odstránenie môže spôsobiť problémy</disclaimer>
    <disclaimer lang="sl_SI">rKodiConfluence je privzeta preobleka za rKodi, njena odstranitev lahko povzroči težave</disclaimer>
    <disclaimer lang="sq_AL">rKodiConfluence është maska kryesore së rKodi, fshirja e saj mund të shkaktoj çështje.</disclaimer>
    <disclaimer lang="sr_RS">rKodiConfluence је подразумевана маска за rKodi, њено уклањање може изазвати проблеме</disclaimer>
    <disclaimer lang="sr_RS@latin">rKodiConfluence je podrazumevana maska za rKodi, njeno uklanjanje može izazvati probleme</disclaimer>
    <disclaimer lang="sv_SE">rKodiConfluence är standardskal för rKodi. Att ta bort detta skal kan skapa problem.</disclaimer>
    <disclaimer lang="szl">rKodiConfluence to je wychodnŏ skōra we rKodi, a wyciepniyńciy jij może sprŏwić niyprzileżytości.</disclaimer>
    <disclaimer lang="tg_TJ">Пӯсти ҳамҷараёнӣ ҳамчун пӯсти пешфарз барои rKodi истифода шуда истодааст ва агар онро тоза кунед, мӯшкилӣ метавонад ба вуҷуд ояд</disclaimer>
    <disclaimer lang="th_TH">rKodiConfluence เป็นสกินเริ่มต้นสำหรับ rKodi การลบมัน อาจทำให้เกิดปัญหา</disclaimer>
    <disclaimer lang="tr_TR">rKodiConfluence rKodi için varsayılan dış görünümdür, kaldırmak sorunlara yol açabilir</disclaimer>
    <disclaimer lang="uk_UA">rKodiConfluence — основна обкладинка rKodi, і її видалення може призвести до проблем</disclaimer>
    <disclaimer lang="vi_VN">rKodiConfluence là giao diện mặc định của rKodi, loại bỏ giao diện này có thể gây ra lỗi cho chương trình</disclaimer>
    <disclaimer lang="zh_CN">rKodiConfluence 是 rKodi 的默认皮肤，删除它可能导致故障。</disclaimer>
    <disclaimer lang="zh_TW">rKodiConfluence 是 rKodi 預設的佈景主題，移除它可能會造成問題</disclaimer>
    <platform>all</platform>
  </extension>
</addon>
