<?xml version="1.0" encoding="UTF-8" standalone="yes"?>
<addon id="repository.rkodi" name="rKodi dregov Repository" version="1.0" provider-name="dregov">
    <extension point="xbmc.addon.repository" name="rKodi dregov Repository">
        <info>http://github.com/dregov/rKodi/raw/master/Download/addons.xml</info>
        <checksum>http://github.com/dregov/rKodi/raw/master/Download/addons.xml.md5</checksum>
        <datadir zip="true">https://github.com/dregov/rKodi/raw/master/Download/</datadir>
    </extension>
    <extension point="xbmc.addon.metadata">
        <summary>rKodi dregov Repository</summary>
        <description>rKodi dregov Repository</description>
        <platform>all</platform>
    </extension>
</addon>